{
    "curriculum": {
      "semester": [
        "大三上學期課表"
      ],
      "row": [
        {
          "$": {
            "row": "0"
          },
          "week": [
            {
              "_": "星期一",
              "$": {
                "column": "1"
              }
            },
            {
              "_": "星期二",
              "$": {
                "column": "2"
              }
            },
            {
              "_": "星期三",
              "$": {
                "column": "3"
              }
            },
            {
              "_": "星期四",
              "$": {
                "column": "4"
              }
            },
            {
              "_": "星期五",
              "$": {
                "column": "5"
              }
            }
          ]
        },
        {
          "$": {
            "row": "1"
          },
          "header": [
            {
              "$": {
                "column": "0"
              },
              "section": [
                "1"
              ],
              "time": [
                "8:10~9:00"
              ]
            }
          ]
        },
        {
          "$": {
            "row": "2"
          },
          "header": [
            {
              "$": {
                "column": "0"
              },
              "section": [
                "2"
              ],
              "time": [
                "9:10~10:00"
              ]
            }
          ],
          "course": [
            {
              "_": "資料結構",
              "$": {
                "column": "4"
              }
            },
            {
              "_": "資料探勘",
              "$": {
                "column": "5"
              }
            }
          ]
        },
        {
          "$": {
            "row": "3"
          },
          "header": [
            {
              "$": {
                "column": "0"
              },
              "section": [
                "3"
              ],
              "time": [
                "10:20~11:10"
              ]
            }
          ],
          "course": [
            {
              "_": "軟體工程",
              "$": {
                "column": "2"
              }
            },
            {
              "_": "資料探勘",
              "$": {
                "column": "5"
              }
            }
          ]
        },
        {
          "$": {
            "row": "4"
          },
          "header": [
            {
              "$": {
                "column": "0"
              },
              "section": [
                "4"
              ],
              "time": [
                "11:20~12:10"
              ]
            }
          ],
          "course": [
            {
              "_": "軟體工程",
              "$": {
                "column": "2"
              }
            },
            {
              "_": "軟體工程",
              "$": {
                "column": "4"
              }
            },
            {
              "_": "資料探勘",
              "$": {
                "column": "5"
              }
            }
          ]
        },
        {
          "$": {
            "row": "5"
          },
          "header": [
            {
              "$": {
                "column": "0"
              },
              "section": [
                "5"
              ],
              "time": [
                "12:20~13:10"
              ]
            }
          ],
          "course": [
            {
              "_": "專題",
              "$": {
                "column": "4"
              }
            },
            {
              "_": "專題",
              "$": {
                "column": "5"
              }
            }
          ]
        },
        {
          "$": {
            "row": "6"
          },
          "header": [
            {
              "$": {
                "column": "0"
              },
              "section": [
                "6"
              ],
              "time": [
                "13:20~14:10"
              ]
            }
          ],
          "course": [
            {
              "_": "網球初級",
              "$": {
                "column": "2"
              }
            },
            {
              "_": "專題",
              "$": {
                "column": "5"
              }
            }
          ]
        },
        {
          "$": {
            "row": "7"
          },
          "header": [
            {
              "$": {
                "column": "0"
              },
              "section": [
                "7"
              ],
              "time": [
                "14:20~15:10"
              ]
            }
          ],
          "course": [
            {
              "_": "網球初級",
              "$": {
                "column": "2"
              }
            },
            {
              "_": "人工智慧導論",
              "$": {
                "column": "4"
              }
            }
          ]
        },
        {
          "$": {
            "row": "8"
          },
          "header": [
            {
              "$": {
                "column": "0"
              },
              "section": [
                "8"
              ],
              "time": [
                "15:30~16:20"
              ]
            }
          ],
          "course": [
            {
              "_": "資料結構",
              "$": {
                "column": "1"
              }
            },
            {
              "_": "人工智慧導論",
              "$": {
                "column": "4"
              }
            }
          ]
        },
        {
          "$": {
            "row": "9"
          },
          "header": [
            {
              "$": {
                "column": "0"
              },
              "section": [
                "9"
              ],
              "time": [
                "16:30~17:20"
              ]
            }
          ],
          "course": [
            {
              "_": "資料結構",
              "$": {
                "column": "1"
              }
            },
            {
              "_": "人工智慧導論",
              "$": {
                "column": "4"
              }
            }
          ]
        },
        {
          "$": {
            "row": "10"
          },
          "header": [
            {
              "$": {
                "column": "0"
              },
              "section": [
                "10"
              ],
              "time": [
                "17:30~18:20"
              ]
            }
          ],
          "course": [
            {
              "_": "網路計算與XML",
              "$": {
                "column": "1"
              }
            }
          ]
        },
        {
          "$": {
            "row": "11"
          },
          "header": [
            {
              "$": {
                "column": "0"
              },
              "section": [
                "A"
              ],
              "time": [
                "18:25~19:15"
              ]
            }
          ],
          "course": [
            {
              "_": "網路計算與XML",
              "$": {
                "column": "1"
              }
            }
          ]
        },
        {
          "$": {
            "row": "12"
          },
          "header": [
            {
              "$": {
                "column": "0"
              },
              "section": [
                "B"
              ],
              "time": [
                "19:20~20:10"
              ]
            }
          ],
          "course": [
            {
              "_": "網路計算與XML",
              "$": {
                "column": "1"
              }
            }
          ]
        }
      ]
    }
  }