<?xml version="1.0" encoding="UTF-8"?>
<!-- 學號: 41147046S, 姓名: 楊子萱 -->
<!-- 此為第四題 -> "課表" -->
<curriculum>
    <semester>大三上學期課表</semester>
    <row row="0">
        <week column="1">星期一</week>
        <week column="2">星期二</week>
        <week column="3">星期三</week>
        <week column="4">星期四</week>
        <week column="5">星期五</week>
    </row>
    <row row="1">
        <header column="0">
            <section>1</section>
            <time>8:10~9:00</time>
        </header>
    </row>
    <row row="2">
        <header column="0">
            <section>2</section>
            <time>9:10~10:00</time>
        </header>
        <course column="4">資料結構</course>
        <course column="5">資料探勘</course>
    </row>
    <row row="3">
        <header column="0">
            <section>3</section>
            <time>10:20~11:10</time>
        </header>
        <course column="2">軟體工程</course>
        <course column="5">資料探勘</course>
    </row>
    <row row="4">
        <header column="0">
            <section>4</section>
            <time>11:20~12:10</time>
        </header>
        <course column="2">軟體工程</course>
        <course column="4">軟體工程</course>
        <course column="5">資料探勘</course>
    </row>
    <row row="5">
        <header column="0">
            <section>5</section>
            <time>12:20~13:10</time>
        </header>
        <course column="4">專題</course>
        <course column="5">專題</course>
    </row>
    <row row="6">
        <header column="0">
            <section>6</section>
            <time>13:20~14:10</time>
        </header>
        <course column="2">網球初級</course>
        <course column="5">專題</course>
    </row>
    <row row="7">
        <header column="0">
            <section>7</section>
            <time>14:20~15:10</time>
        </header>
        <course column="2">網球初級</course>
        <course column="4">人工智慧導論</course>
    </row>
    <row row="8">
        <header column="0">
            <section>8</section>
            <time>15:30~16:20</time>
        </header>
        <course column="1">資料結構</course>
        <course column="4">人工智慧導論</course>
    </row>
    <row row="9">
        <header column="0">
            <section>9</section>
            <time>16:30~17:20</time>
        </header>
        <course column="1">資料結構</course>
        <course column="4">人工智慧導論</course>
    </row>
    <row row="10">
        <header column="0">
            <section>10</section>
            <time>17:30~18:20</time>
        </header>
        <course column="1">網路計算與XML</course>
    </row>
    <row row="11">
        <header column="0">
            <section>A</section>
            <time>18:25~19:15</time>
        </header>
        <course column="1">網路計算與XML</course>
    </row>
    <row row="12">
        <header column="0">
            <section>B</section>
            <time>19:20~20:10</time>
        </header>
        <course column="1">網路計算與XML</course>
    </row>
</curriculum>